Market,Sector,Mean_Return,Median_Return,Std_Return,Count
グロース（内国株式）,その他製品,0.002168688546117904,0.0,0.03927542613901675,2418
グロース（内国株式）,その他金融業,0.0005379454113684175,0.0,0.03499236589816533,1612
グロース（内国株式）,サービス業,0.000564138180631172,0.0,0.033334916179608626,74117
グロース（内国株式）,不動産業,0.001715210974857756,0.0,0.07319175877918209,7254
グロース（内国株式）,保険業,0.000874118771896098,0.0,0.019391074402483808,1209
グロース（内国株式）,倉庫・運輸関連業,0.0012025800501639303,0.0,0.026624275971099478,403
グロース（内国株式）,化学,0.0005955015256036612,0.0,0.036390737783041964,2401
グロース（内国株式）,医薬品,0.0005232934954820203,0.0,0.0466232177215697,15548
グロース（内国株式）,卸売業,0.0006359744623030976,0.0,0.03431957604454077,3627
グロース（内国株式）,小売業,0.0008380120057954077,0.0,0.033234241248210096,11554
グロース（内国株式）,建設業,0.0014040370140995329,0.0,0.03357469742045505,2766
グロース（内国株式）,情報・通信業,0.0006759186529921851,0.0,0.03738738155377644,93828
グロース（内国株式）,機械,0.001871776107031149,0.0,0.04503064329860218,1612
グロース（内国株式）,空運業,-0.0006041853748736323,-0.0019417561251324,0.01942282697744637,403
グロース（内国株式）,精密機器,0.002561755758100397,-0.0017699115044247,0.04940160700604805,2821
グロース（内国株式）,繊維製品,-9.349568020137961e-05,-0.0014447956571602498,0.043063759405184115,566
グロース（内国株式）,証券、商品先物取引業,6.506304029913603e-05,-0.0009027135897445499,0.03683455242344124,984
グロース（内国株式）,輸送用機器,0.0037906034708919283,0.0011560693641619,0.04930442484793533,1061
グロース（内国株式）,金属製品,0.005702512125298354,0.00178957190883395,0.05095736697278346,482
グロース（内国株式）,電気・ガス業,0.0010262087596424126,-0.0012468827930174,0.048214160469826496,353
グロース（内国株式）,電気機器,0.0036353927831614817,-0.0008230458250238,0.05447672374071784,2586
グロース（内国株式）,非鉄金属,0.0003548726137464869,0.0,0.036612629776027965,403
グロース（内国株式）,食料品,0.0007445834457278524,0.0,0.03793854575208242,1612
スタンダード（内国株式）,その他製品,0.0006679474085863705,0.0,0.023317763877888486,24180
スタンダード（内国株式）,その他金融業,0.0007764719251983159,0.0,0.02570390601187836,5642
スタンダード（内国株式）,ガラス・土石製品,0.0011274868538176182,0.0,0.027616076957486173,10850
スタンダード（内国株式）,ゴム製品,0.0012658178774981104,0.0,0.021760417887237576,2418
スタンダード（内国株式）,サービス業,0.0008268660160755417,0.0,0.02413761205562213,79150
スタンダード（内国株式）,パルプ・紙,0.0008848241212224858,0.0,0.019904007301599302,5642
スタンダード（内国株式）,不動産業,0.0007967898443498095,0.0,0.024142360069055412,25792
スタンダード（内国株式）,倉庫・運輸関連業,0.0011011777076652483,0.0,0.020522232630966013,8463
スタンダード（内国株式）,化学,0.001057678441307865,0.0,0.02476668689630851,32240
スタンダード（内国株式）,医薬品,0.00016469370354318626,0.0,0.01949756772274741,3224
スタンダード（内国株式）,卸売業,0.00093607549523806,0.0,0.023472460434592963,61066
スタンダード（内国株式）,小売業,0.0005078009109062414,0.0,0.02433665610244717,66466
スタンダード（内国株式）,建設業,0.0012698230502675228,0.0,0.02272023505879282,24830
スタンダード（内国株式）,情報・通信業,0.0006967308874767852,0.0,0.02834168909925276,77635
スタンダード（内国株式）,機械,0.001277550192445887,0.0,0.027483755033227367,37882
スタンダード（内国株式）,水産・農林業,0.00044787115031684265,0.0,0.02041916240134526,2418
スタンダード（内国株式）,海運業,0.0014700827353373654,0.0,0.029128643439554878,2418
スタンダード（内国株式）,石油・石炭製品,0.0011367596439049946,0.0,0.02319463970617812,1612
スタンダード（内国株式）,空運業,-3.592109684141839e-05,0.0,0.012257944142972585,806
スタンダード（内国株式）,精密機器,0.0018307936207194269,0.0,0.03722716921266338,7254
スタンダード（内国株式）,繊維製品,0.0010586029401521983,0.0,0.025343441804765787,11575
スタンダード（内国株式）,証券、商品先物取引業,0.0009060422365978561,0.0,0.026635631475823752,6045
スタンダード（内国株式）,輸送用機器,0.0014022598813396776,0.0,0.02507901996606185,16120
スタンダード（内国株式）,金属製品,0.0012678405682838402,0.0,0.02562460610484585,22971
スタンダード（内国株式）,鉄鋼,0.0011463654647151363,0.0,0.022340296331384357,6851
スタンダード（内国株式）,鉱業,0.0007011602337961081,-0.0029028039229561,0.043439077748698485,403
スタンダード（内国株式）,銀行業,0.0014591513310450968,0.0007807026719726499,0.020144291585922475,4030
スタンダード（内国株式）,陸運業,0.0009103539333018827,0.0,0.018201592452859124,8060
スタンダード（内国株式）,電気・ガス業,0.0007615679922920727,0.0,0.027889155858176095,2015
スタンダード（内国株式）,電気機器,0.0015853381646208948,0.0,0.03365709408518578,37882
スタンダード（内国株式）,非鉄金属,0.002175350396405573,0.0,0.046252782066452204,4433
スタンダード（内国株式）,食料品,0.0005153855767433458,0.0,0.01584828891796746,20638
プライム（内国株式）,その他製品,0.0009897300943387882,0.0007378672886659,0.020798321111361946,14720
プライム（内国株式）,その他金融業,0.00074968634499372,0.0007830168261007,0.0180153313945737,8231
プライム（内国株式）,ガラス・土石製品,0.00147660747037137,0.0007688767664728,0.02604116016113938,8866
プライム（内国株式）,ゴム製品,0.0012466960728456347,0.00153336164711845,0.018490874279280648,4030
プライム（内国株式）,サービス業,0.0005500923187531027,0.0,0.02125727769378967,57226
プライム（内国株式）,パルプ・紙,0.0012083593477215978,0.0012915500748037,0.017182658350069126,4030
プライム（内国株式）,不動産業,0.0008222078117283381,0.0005189978548727,0.020563877703209908,18970
プライム（内国株式）,保険業,0.0009116711438830095,0.000772814508236,0.026433137638669765,4254
プライム（内国株式）,倉庫・運輸関連業,0.0012682388148147123,0.0011110492036174,0.016320550749736967,3627
プライム（内国株式）,化学,0.0012861071024140606,0.00114285486014795,0.0229053291811181,45942
プライム（内国株式）,医薬品,0.0004204475619023215,0.000200240288346,0.02207313966735998,12493
プライム（内国株式）,卸売業,0.0011806888210402577,0.0011068275875434,0.018665791487350952,47655
プライム（内国株式）,小売業,0.0006159194252947983,0.00046098888429320004,0.017748943342799778,50974
プライム（内国株式）,建設業,0.0013792910448016612,0.0009532502051226,0.02108432683924297,28613
プライム（内国株式）,情報・通信業,0.0007036919439833645,0.0,0.02460149077442864,65790
プライム（内国株式）,機械,0.0014274722621921583,0.0010845986984815,0.02657669529804811,44091
プライム（内国株式）,水産・農林業,0.0007366329762022607,0.00091116238332905,0.0137037757343881,2418
プライム（内国株式）,海運業,0.001466649426709785,0.0012493906759469,0.019339562054229233,2015
プライム（内国株式）,石油・石炭製品,0.0007895344074095641,0.0006473167744649,0.021044320382410178,2015
プライム（内国株式）,空運業,0.00037901590413414626,0.0,0.013731655059632815,1034
プライム（内国株式）,精密機器,0.0014063094074028087,0.00050950131904075,0.026744480579016447,10766
プライム（内国株式）,繊維製品,0.0009421743414285487,0.0008130081300812,0.018908932029070638,6851
プライム（内国株式）,証券、商品先物取引業,0.0012817931349390806,0.0013227513227513,0.019947885564376,7657
プライム（内国株式）,輸送用機器,0.000924643657329295,0.00112293717035555,0.023578819539376922,15314
プライム（内国株式）,金属製品,0.0010644644039091331,0.0010672709605841,0.020395751748266838,10478
プライム（内国株式）,鉄鋼,0.0010344744687091295,0.00085616250442585,0.02021798977701273,8060
プライム（内国株式）,鉱業,0.0021805639786764064,0.0023258814641441,0.028085618738040642,1612
プライム（内国株式）,銀行業,0.0028550811249965706,0.0028283196273388,0.024668345952372554,27583
プライム（内国株式）,陸運業,0.0006931214655701571,0.0007821884923637,0.015242712676693651,14508
プライム（内国株式）,電気・ガス業,0.0010044464928285937,0.00110556584719255,0.01956919983963411,8866
プライム（内国株式）,電気機器,0.001850000438518753,0.0012480215597359,0.030759243959506643,49569
プライム（内国株式）,非鉄金属,0.0029342743541991225,0.0018181820212148,0.03564682244415314,8011
プライム（内国株式）,食料品,0.0005114604038477764,0.0004937361266212,0.016028063626580664,27227
